urtea,eremua,adierazlea,women,men,arrakala
2025,European Union - 27 countries (from 2020),"Full-time equivalent employment rate (%, 15-89)",44,58.6,14.600000000000001
2025,European Union - 27 countries (from 2020),"Duration of working life (years, 15+ population)",35,39.2,4.200000000000003
2025,European Union - 27 countries (from 2020),"ICT specialists (%, 15-74)",19.5,80.5,61
2025,European Union - 27 countries (from 2020),"Managers (%, 15-74)",35.3,64.7,29.400000000000006
2025,European Union - 27 countries (from 2020),"Low paid workers (%, 16+)",28.4,15.7,-12.7
2025,European Union - 27 countries (from 2020),"Median earnings (PPS, %, 18-64 employed population)",23000,29960,6960
2025,European Union - 27 countries (from 2020),"Median partner earnings ratio (%, 18-64)",70.2,151.8,81.60000000000001
2025,European Union - 27 countries (from 2020),"In-work poverty of adults in single or single-parent households (%, 16+ employed population)",15.6,13,-2.5999999999999996
2025,European Union - 27 countries (from 2020),"Tertiary graduates (%, 30-34)",50.2,39.4,-10.800000000000004
2025,European Union - 27 countries (from 2020),"IVET graduates (%, 25-34)",27.1,34.3,7.199999999999996
2025,European Union - 27 countries (from 2020),"Graduated in tertiary education in EHW (Education, Health and Welfare, Humanities and Art (tertiary students) (%)",74.5,25.5,-49
2025,European Union - 27 countries (from 2020),"Graduated in tertiary education in STEM (Science, Technology, Engineering and Mathematics) (tertiary students) (%)",33.5,66.5,33
2025,European Union - 27 countries (from 2020),"Informal childcare (0-11) for more than 35 weekly hours (%, 16-74)",40.8,20.1,-20.699999999999996
2025,European Union - 27 countries (from 2020),"Informal long-term care for more than 20 hours per week (%, 45-64)",19.9,13,-6.899999999999999
2025,European Union - 27 countries (from 2020),"Housework chores (cooking, cleaning, laundry) every day (%, 16–74)",58.6,33.3,-25.300000000000004
2025,European Union - 27 countries (from 2020),"Hours spent on leisure activities per week (%, 16-74)",30.4,42.9,12.5
2025,European Union - 27 countries (from 2020),"Voluntary, charitable or political activities at least once per week (%, 16-74)",13,16.7,3.6999999999999993
2025,European Union - 27 countries (from 2020),Share of ministers (%),35.1,64.9,29.800000000000004
2025,European Union - 27 countries (from 2020),Share of members of parliament (%),33.4,66.6,33.199999999999996
2025,European Union - 27 countries (from 2020),Share of members of regional assemblies (%),32,68,36
2025,European Union - 27 countries (from 2020),Share of members of boards in largest quoted companies (%),34.5,65.5,31
2025,European Union - 27 countries (from 2020),Share of members of highest decision making body of the national Olympic most popular sport organisations (%),23.2,76.8,53.599999999999994
2025,European Union - 27 countries (from 2020),"Self-perceived health, good or very good (%, 16+ population)",66,71,5
2025,European Union - 27 countries (from 2020),"Healthy life years at 65 in percentage of the total life expectancy (%, 65+)",44,50.3,6.299999999999997
2025,European Union - 27 countries (from 2020),"People who don’t smoke and are not involved in harmful drinking (%, 16+)",72.7,55.6,-17.1
2025,European Union - 27 countries (from 2020),"People doing physical activities and/or consuming fruits and vegetables (%, 16+)",37.6,42.6,5
2025,Belgium,"Full-time equivalent employment rate (%, 15-89)",42.2,54.2,12
2025,Belgium,"Duration of working life (years, 15+ population)",32.9,36.9,4
2025,Belgium,"ICT specialists (%, 15-74)",19,81,62
2025,Belgium,"Managers (%, 15-74)",34.2,65.8,31.599999999999994
2025,Belgium,"Low paid workers (%, 16+)",26.4,14.9,-11.499999999999998
2025,Belgium,"Median earnings (PPS, %, 18-64 employed population)",37709,44512,6803
2025,Belgium,"Median partner earnings ratio (%, 18-64)",80.5,129.2,48.69999999999999
2025,Belgium,"In-work poverty of adults in single or single-parent households (%, 16+ employed population)",9.7,10.7,1
2025,Belgium,"Tertiary graduates (%, 30-34)",56.3,45.5,-10.799999999999997
2025,Belgium,"IVET graduates (%, 25-34)",21.3,30.2,8.899999999999999
2025,Belgium,"Graduated in tertiary education in EHW (Education, Health and Welfare, Humanities and Art (tertiary students) (%)",72.3,27.7,-44.599999999999994
2025,Belgium,"Graduated in tertiary education in STEM (Science, Technology, Engineering and Mathematics) (tertiary students) (%)",28.7,71.3,42.599999999999994
2025,Belgium,"Informal childcare (0-11) for more than 35 weekly hours (%, 16-74)",29.8,19.7,-10.100000000000001
2025,Belgium,"Informal long-term care for more than 20 hours per week (%, 45-64)",9.5,10.4,0.9000000000000004
2025,Belgium,"Housework chores (cooking, cleaning, laundry) every day (%, 16–74)",50.3,27.1,-23.199999999999996
2025,Belgium,"Hours spent on leisure activities per week (%, 16-74)",33.6,42.7,9.100000000000001
2025,Belgium,"Voluntary, charitable or political activities at least once per week (%, 16-74)",16.8,19.4,2.599999999999998
2025,Belgium,Share of ministers (%),55,45,-10
2025,Belgium,Share of members of parliament (%),42.9,57.1,14.200000000000003
2025,Belgium,Share of members of regional assemblies (%),45.9,54.1,8.200000000000003
2025,Belgium,Share of members of boards in largest quoted companies (%),37.7,62.3,24.599999999999994
2025,Belgium,Share of members of highest decision making body of the national Olympic most popular sport organisations (%),21.9,78.1,56.199999999999996
2025,Belgium,"Self-perceived health, good or very good (%, 16+ population)",72.6,76.6,4
2025,Belgium,"Healthy life years at 65 in percentage of the total life expectancy (%, 65+)",53,58.8,5.799999999999997
2025,Belgium,"People who don’t smoke and are not involved in harmful drinking (%, 16+)",71.8,50.9,-20.9
2025,Belgium,"People doing physical activities and/or consuming fruits and vegetables (%, 16+)",37,41.1,4.100000000000001
2025,Bulgaria,"Full-time equivalent employment rate (%, 15-89)",47.6,59.9,12.299999999999997
2025,Bulgaria,"Duration of working life (years, 15+ population)",33.5,36,2.5
2025,Bulgaria,"ICT specialists (%, 15-74)",27,73,46
2025,Bulgaria,"Managers (%, 15-74)",40.3,59.7,19.400000000000006
2025,Bulgaria,"Low paid workers (%, 16+)",30.2,27.9,-2.3000000000000007
2025,Bulgaria,"Median earnings (PPS, %, 18-64 employed population)",13754,15687,1933
2025,Bulgaria,"Median partner earnings ratio (%, 18-64)",85.2,121.1,35.89999999999999
2025,Bulgaria,"In-work poverty of adults in single or single-parent households (%, 16+ employed population)",16.8,19.7,2.8999999999999986
2025,Bulgaria,"Tertiary graduates (%, 30-34)",49.1,30.8,-18.3
2025,Bulgaria,"IVET graduates (%, 25-34)",14.1,30,15.9
2025,Bulgaria,"Graduated in tertiary education in EHW (Education, Health and Welfare, Humanities and Art (tertiary students) (%)",77.7,22.3,-55.400000000000006
2025,Bulgaria,"Graduated in tertiary education in STEM (Science, Technology, Engineering and Mathematics) (tertiary students) (%)",36.2,63.8,27.599999999999994
2025,Bulgaria,"Informal childcare (0-11) for more than 35 weekly hours (%, 16-74)",41,19.5,-21.5
2025,Bulgaria,"Informal long-term care for more than 20 hours per week (%, 45-64)",26.7,18,-8.7
2025,Bulgaria,"Housework chores (cooking, cleaning, laundry) every day (%, 16–74)",60.6,31.4,-29.200000000000003
2025,Bulgaria,"Hours spent on leisure activities per week (%, 16-74)",30.6,37.6,7
2025,Bulgaria,"Voluntary, charitable or political activities at least once per week (%, 16-74)",16.8,12,-4.800000000000001
2025,Bulgaria,Share of ministers (%),36.4,63.6,27.200000000000003
2025,Bulgaria,Share of members of parliament (%),25.2,74.8,49.599999999999994
2025,Bulgaria,Share of members of regional assemblies (%),28,72,44
2025,Bulgaria,Share of members of boards in largest quoted companies (%),18,82,64
2025,Bulgaria,Share of members of highest decision making body of the national Olympic most popular sport organisations (%),19.5,80.5,61
2025,Bulgaria,"Self-perceived health, good or very good (%, 16+ population)",62,69.7,7.700000000000003
2025,Bulgaria,"Healthy life years at 65 in percentage of the total life expectancy (%, 65+)",63.7,71.2,7.5
2025,Bulgaria,"People who don’t smoke and are not involved in harmful drinking (%, 16+)",69.6,47.4,-22.199999999999996
2025,Bulgaria,"People doing physical activities and/or consuming fruits and vegetables (%, 16+)",11.3,19.8,8.5
2025,Czechia,"Full-time equivalent employment rate (%, 15-89)",48.4,66.9,18.500000000000007
2025,Czechia,"Duration of working life (years, 15+ population)",34.8,40,5.200000000000003
2025,Czechia,"ICT specialists (%, 15-74)",13,87,74
2025,Czechia,"Managers (%, 15-74)",28.7,71.3,42.599999999999994
2025,Czechia,"Low paid workers (%, 16+)",20.6,7.4,-13.200000000000001
2025,Czechia,"Median earnings (PPS, %, 18-64 employed population)",20364,26297,5933
2025,Czechia,"Median partner earnings ratio (%, 18-64)",67.9,154.5,86.6
2025,Czechia,"In-work poverty of adults in single or single-parent households (%, 16+ employed population)",12.5,5.1,-7.4
2025,Czechia,"Tertiary graduates (%, 30-34)",43.4,27.5,-15.899999999999999
2025,Czechia,"IVET graduates (%, 25-34)",45.6,60.7,15.100000000000001
2025,Czechia,"Graduated in tertiary education in EHW (Education, Health and Welfare, Humanities and Art (tertiary students) (%)",77.7,22.3,-55.400000000000006
2025,Czechia,"Graduated in tertiary education in STEM (Science, Technology, Engineering and Mathematics) (tertiary students) (%)",36.1,63.9,27.799999999999997
2025,Czechia,"Informal childcare (0-11) for more than 35 weekly hours (%, 16-74)",45.1,17.7,-27.400000000000002
2025,Czechia,"Informal long-term care for more than 20 hours per week (%, 45-64)",13.4,5.8,-7.6000000000000005
2025,Czechia,"Housework chores (cooking, cleaning, laundry) every day (%, 16–74)",53.7,24.6,-29.1
2025,Czechia,"Hours spent on leisure activities per week (%, 16-74)",32.1,44.7,12.600000000000001
2025,Czechia,"Voluntary, charitable or political activities at least once per week (%, 16-74)",10.3,12.4,2.0999999999999996
2025,Czechia,Share of ministers (%),8.5,91.5,83
2025,Czechia,Share of members of parliament (%),23.9,76.1,52.199999999999996
2025,Czechia,Share of members of regional assemblies (%),22.2,77.8,55.599999999999994
2025,Czechia,Share of members of boards in largest quoted companies (%),27.3,72.7,45.400000000000006
2025,Czechia,Share of members of highest decision making body of the national Olympic most popular sport organisations (%),10.4,89.6,79.19999999999999
2025,Czechia,"Self-perceived health, good or very good (%, 16+ population)",64.1,68.6,4.5
2025,Czechia,"Healthy life years at 65 in percentage of the total life expectancy (%, 65+)",38.3,44.5,6.200000000000003
2025,Czechia,"People who don’t smoke and are not involved in harmful drinking (%, 16+)",69.6,50.4,-19.199999999999996
2025,Czechia,"People doing physical activities and/or consuming fruits and vegetables (%, 16+)",26.7,33.4,6.699999999999999
2025,Denmark,"Full-time equivalent employment rate (%, 15-89)",49.5,59.7,10.200000000000003
2025,Denmark,"Duration of working life (years, 15+ population)",40.7,44.2,3.5
2025,Denmark,"ICT specialists (%, 15-74)",21.2,78.8,57.599999999999994
2025,Denmark,"Managers (%, 15-74)",28.4,71.6,43.199999999999996
2025,Denmark,"Low paid workers (%, 16+)",24.1,18.7,-5.400000000000002
2025,Denmark,"Median earnings (PPS, %, 18-64 employed population)",45067,53484,8417
2025,Denmark,"Median partner earnings ratio (%, 18-64)",79.3,128.4,49.10000000000001
2025,Denmark,"In-work poverty of adults in single or single-parent households (%, 16+ employed population)",14.1,15,0.9000000000000004
2025,Denmark,"Tertiary graduates (%, 30-34)",62.8,47.5,-15.299999999999997
2025,Denmark,"IVET graduates (%, 25-34)",16.2,25.1,8.900000000000002
2025,Denmark,"Graduated in tertiary education in EHW (Education, Health and Welfare, Humanities and Art (tertiary students) (%)",74.1,25.9,-48.199999999999996
2025,Denmark,"Graduated in tertiary education in STEM (Science, Technology, Engineering and Mathematics) (tertiary students) (%)",35.1,64.9,29.800000000000004
2025,Denmark,"Informal childcare (0-11) for more than 35 weekly hours (%, 16-74)",19.7,19.5,-0.1999999999999993
2025,Denmark,"Informal long-term care for more than 20 hours per week (%, 45-64)",3.7,4.6,0.8999999999999995
2025,Denmark,"Housework chores (cooking, cleaning, laundry) every day (%, 16–74)",48.8,36.3,-12.5
2025,Denmark,"Hours spent on leisure activities per week (%, 16-74)",30.7,40.4,9.7
2025,Denmark,"Voluntary, charitable or political activities at least once per week (%, 16-74)",19.8,25,5.199999999999999
2025,Denmark,Share of ministers (%),35.1,64.9,29.800000000000004
2025,Denmark,Share of members of parliament (%),44.6,55.4,10.799999999999997
2025,Denmark,Share of members of regional assemblies (%),49,51,2
2025,Denmark,Share of members of boards in largest quoted companies (%),42.7,57.3,14.599999999999994
2025,Denmark,Share of members of highest decision making body of the national Olympic most popular sport organisations (%),26.3,73.8,47.5
2025,Denmark,"Self-perceived health, good or very good (%, 16+ population)",67.1,69.1,2
2025,Denmark,"Healthy life years at 65 in percentage of the total life expectancy (%, 65+)",48.5,51.6,3.1000000000000014
2025,Denmark,"People who don’t smoke and are not involved in harmful drinking (%, 16+)",61.5,43,-18.5
2025,Denmark,"People doing physical activities and/or consuming fruits and vegetables (%, 16+)",66.1,59.7,-6.3999999999999915
2025,Germany,"Full-time equivalent employment rate (%, 15-89)",44,60.7,16.700000000000003
2025,Germany,"Duration of working life (years, 15+ population)",38.1,41.7,3.6000000000000014
2025,Germany,"ICT specialists (%, 15-74)",19.2,80.8,61.599999999999994
2025,Germany,"Managers (%, 15-74)",29.1,70.9,41.800000000000004
2025,Germany,"Low paid workers (%, 16+)",36.9,17.5,-19.4
2025,Germany,"Median earnings (PPS, %, 18-64 employed population)",30263,43169,12906
2025,Germany,"Median partner earnings ratio (%, 18-64)",59.5,188.1,128.6
2025,Germany,"In-work poverty of adults in single or single-parent households (%, 16+ employed population)",15.4,12.8,-2.5999999999999996
2025,Germany,"Tertiary graduates (%, 30-34)",44.1,40.9,-3.200000000000003
2025,Germany,"IVET graduates (%, 25-34)",36.6,36.8,0.19999999999999574
2025,Germany,"Graduated in tertiary education in EHW (Education, Health and Welfare, Humanities and Art (tertiary students) (%)",74.8,25.2,-49.599999999999994
2025,Germany,"Graduated in tertiary education in STEM (Science, Technology, Engineering and Mathematics) (tertiary students) (%)",28.1,71.9,43.800000000000004
2025,Germany,"Informal childcare (0-11) for more than 35 weekly hours (%, 16-74)",38,17.9,-20.1
2025,Germany,"Informal long-term care for more than 20 hours per week (%, 45-64)",14.1,5.9,-8.2
2025,Germany,"Housework chores (cooking, cleaning, laundry) every day (%, 16–74)",55.2,33.3,-21.900000000000006
2025,Germany,"Hours spent on leisure activities per week (%, 16-74)",36.2,50.4,14.199999999999996
2025,Germany,"Voluntary, charitable or political activities at least once per week (%, 16-74)",15.6,19.8,4.200000000000001
2025,Germany,Share of ministers (%),48.3,51.7,3.4000000000000057
2025,Germany,Share of members of parliament (%),35.7,64.3,28.599999999999994
2025,Germany,Share of members of regional assemblies (%),33.3,66.7,33.400000000000006
2025,Germany,Share of members of boards in largest quoted companies (%),39.3,60.7,21.400000000000006
2025,Germany,Share of members of highest decision making body of the national Olympic most popular sport organisations (%),22.2,77.8,55.599999999999994
2025,Germany,"Self-perceived health, good or very good (%, 16+ population)",62.9,66.5,3.6000000000000014
2025,Germany,"Healthy life years at 65 in percentage of the total life expectancy (%, 65+)",42.6,46.8,4.199999999999996
2025,Germany,"People who don’t smoke and are not involved in harmful drinking (%, 16+)",61,43.5,-17.5
2025,Germany,"People doing physical activities and/or consuming fruits and vegetables (%, 16+)",51.8,54.6,2.8000000000000043
2025,Estonia,"Full-time equivalent employment rate (%, 15-89)",55.3,66.6,11.299999999999997
2025,Estonia,"Duration of working life (years, 15+ population)",42.2,40.6,-1.6000000000000014
2025,Estonia,"ICT specialists (%, 15-74)",27.6,72.4,44.800000000000004
2025,Estonia,"Managers (%, 15-74)",39.7,60.3,20.599999999999994
2025,Estonia,"Low paid workers (%, 16+)",32.5,27.2,-5.300000000000001
2025,Estonia,"Median earnings (PPS, %, 18-64 employed population)",19485,22779,3294
2025,Estonia,"Median partner earnings ratio (%, 18-64)",78,133.4,55.400000000000006
2025,Estonia,"In-work poverty of adults in single or single-parent households (%, 16+ employed population)",16.4,21.3,4.900000000000002
2025,Estonia,"Tertiary graduates (%, 30-34)",56.9,34.7,-22.199999999999996
2025,Estonia,"IVET graduates (%, 25-34)",22.3,31.4,9.099999999999998
2025,Estonia,"Graduated in tertiary education in EHW (Education, Health and Welfare, Humanities and Art (tertiary students) (%)",82.5,17.5,-65
2025,Estonia,"Graduated in tertiary education in STEM (Science, Technology, Engineering and Mathematics) (tertiary students) (%)",41.7,58.3,16.599999999999994
2025,Estonia,"Informal childcare (0-11) for more than 35 weekly hours (%, 16-74)",31.4,16.4,-15
2025,Estonia,"Informal long-term care for more than 20 hours per week (%, 45-64)",20.3,15.6,-4.700000000000001
2025,Estonia,"Housework chores (cooking, cleaning, laundry) every day (%, 16–74)",53,38.5,-14.5
2025,Estonia,"Hours spent on leisure activities per week (%, 16-74)",29.2,41,11.8
2025,Estonia,"Voluntary, charitable or political activities at least once per week (%, 16-74)",14.2,15.2,1
2025,Estonia,Share of ministers (%),43.4,56.6,13.200000000000003
2025,Estonia,Share of members of parliament (%),29.2,70.8,41.599999999999994
2025,Estonia,Share of members of regional assemblies (%),28.9,71.1,42.199999999999996
2025,Estonia,Share of members of boards in largest quoted companies (%),13.8,86.2,72.4
2025,Estonia,Share of members of highest decision making body of the national Olympic most popular sport organisations (%),16,84,68
2025,Estonia,"Self-perceived health, good or very good (%, 16+ population)",55.5,60.4,4.899999999999999
2025,Estonia,"Healthy life years at 65 in percentage of the total life expectancy (%, 65+)",37.5,42.9,5.399999999999999
2025,Estonia,"People who don’t smoke and are not involved in harmful drinking (%, 16+)",78.5,54.7,-23.799999999999997
2025,Estonia,"People doing physical activities and/or consuming fruits and vegetables (%, 16+)",34.5,35.1,0.6000000000000014
2025,Ireland,"Full-time equivalent employment rate (%, 15-89)",50.1,65.6,15.499999999999993
2025,Ireland,"Duration of working life (years, 15+ population)",37.6,43,5.399999999999999
2025,Ireland,"ICT specialists (%, 15-74)",24.4,75.6,51.199999999999996
2025,Ireland,"Managers (%, 15-74)",39.7,60.3,20.599999999999994
2025,Ireland,"Low paid workers (%, 16+)",34.3,19.7,-14.599999999999998
2025,Ireland,"Median earnings (PPS, %, 18-64 employed population)",29211,38495,9284
2025,Ireland,"Median partner earnings ratio (%, 18-64)",64.8,158.3,93.50000000000001
2025,Ireland,"In-work poverty of adults in single or single-parent households (%, 16+ employed population)",14.2,14.7,0.5
2025,Ireland,"Tertiary graduates (%, 30-34)",71.3,61.3,-10
2025,Ireland,"IVET graduates (%, 25-34)",12.2,12.4,0.20000000000000107
2025,Ireland,"Graduated in tertiary education in EHW (Education, Health and Welfare, Humanities and Art (tertiary students) (%)",73.8,26.2,-47.599999999999994
2025,Ireland,"Graduated in tertiary education in STEM (Science, Technology, Engineering and Mathematics) (tertiary students) (%)",36,64,28
2025,Ireland,"Informal childcare (0-11) for more than 35 weekly hours (%, 16-74)",51.3,26.3,-24.999999999999996
2025,Ireland,"Informal long-term care for more than 20 hours per week (%, 45-64)",37.2,21.1,-16.1
2025,Ireland,"Housework chores (cooking, cleaning, laundry) every day (%, 16–74)",60.5,35.3,-25.200000000000003
2025,Ireland,"Hours spent on leisure activities per week (%, 16-74)",30.3,38.5,8.2
2025,Ireland,"Voluntary, charitable or political activities at least once per week (%, 16-74)",13,16.2,3.1999999999999993
2025,Ireland,Share of ministers (%),28.6,71.4,42.800000000000004
2025,Ireland,Share of members of parliament (%),27.9,72.1,44.199999999999996
2025,Ireland,Share of members of regional assemblies (%),25.9,74.1,48.199999999999996
2025,Ireland,Share of members of boards in largest quoted companies (%),40.9,59.1,18.200000000000003
2025,Ireland,Share of members of highest decision making body of the national Olympic most popular sport organisations (%),40.9,59.1,18.200000000000003
2025,Ireland,"Self-perceived health, good or very good (%, 16+ population)",79.6,80.3,0.7000000000000028
2025,Ireland,"Healthy life years at 65 in percentage of the total life expectancy (%, 65+)",54,59.2,5.200000000000003
2025,Ireland,"People who don’t smoke and are not involved in harmful drinking (%, 16+)",69,59.3,-9.700000000000003
2025,Ireland,"People doing physical activities and/or consuming fruits and vegetables (%, 16+)",55.9,55.4,-0.5
2025,Greece,"Full-time equivalent employment rate (%, 15-89)",38,57,19
2025,Greece,"Duration of working life (years, 15+ population)",31.1,38.2,7.100000000000001
2025,Greece,"ICT specialists (%, 15-74)",16,84,68
2025,Greece,"Managers (%, 15-74)",34.6,65.4,30.800000000000004
2025,Greece,"Low paid workers (%, 16+)",14.4,6.6,-7.800000000000001
2025,Greece,"Median earnings (PPS, %, 18-64 employed population)",17815,20329,2514
2025,Greece,"Median partner earnings ratio (%, 18-64)",71.7,160.7,88.99999999999999
2025,Greece,"In-work poverty of adults in single or single-parent households (%, 16+ employed population)",12.3,11.6,-0.7000000000000011
2025,Greece,"Tertiary graduates (%, 30-34)",50.8,38.3,-12.5
2025,Greece,"IVET graduates (%, 25-34)",18.6,26.9,8.299999999999997
2025,Greece,"Graduated in tertiary education in EHW (Education, Health and Welfare, Humanities and Art (tertiary students) (%)",75.5,24.5,-51
2025,Greece,"Graduated in tertiary education in STEM (Science, Technology, Engineering and Mathematics) (tertiary students) (%)",41.1,58.9,17.799999999999997
2025,Greece,"Informal childcare (0-11) for more than 35 weekly hours (%, 16-74)",37,15.1,-21.9
2025,Greece,"Informal long-term care for more than 20 hours per week (%, 45-64)",25.8,12.1,-13.700000000000001
2025,Greece,"Housework chores (cooking, cleaning, laundry) every day (%, 16–74)",64.9,28.4,-36.50000000000001
2025,Greece,"Hours spent on leisure activities per week (%, 16-74)",21.3,31.2,9.899999999999999
2025,Greece,"Voluntary, charitable or political activities at least once per week (%, 16-74)",13.7,18.2,4.5
2025,Greece,Share of ministers (%),24.8,75.2,50.400000000000006
2025,Greece,Share of members of parliament (%),23,77,54
2025,Greece,Share of members of regional assemblies (%),25.8,74.2,48.400000000000006
2025,Greece,Share of members of boards in largest quoted companies (%),27.2,72.8,45.599999999999994
2025,Greece,Share of members of highest decision making body of the national Olympic most popular sport organisations (%),15,85,70
2025,Greece,"Self-perceived health, good or very good (%, 16+ population)",75.5,81,5.5
2025,Greece,"Healthy life years at 65 in percentage of the total life expectancy (%, 65+)",38.2,43.6,5.399999999999999
2025,Greece,"People who don’t smoke and are not involved in harmful drinking (%, 16+)",75.9,58.8,-17.10000000000001
2025,Greece,"People doing physical activities and/or consuming fruits and vegetables (%, 16+)",24.5,31.5,7
2025,Spain,"Full-time equivalent employment rate (%, 15-89)",43.4,57,13.600000000000001
2025,Spain,"Duration of working life (years, 15+ population)",34.6,38.3,3.6999999999999957
2025,Spain,"ICT specialists (%, 15-74)",19.6,80.4,60.800000000000004
2025,Spain,"Managers (%, 15-74)",34.5,65.5,31
2025,Spain,"Low paid workers (%, 16+)",28.8,16.1,-12.7
2025,Spain,"Median earnings (PPS, %, 18-64 employed population)",21516,26553,5037
2025,Spain,"Median partner earnings ratio (%, 18-64)",72,147.7,75.69999999999999
2025,Spain,"In-work poverty of adults in single or single-parent households (%, 16+ employed population)",19.7,13.3,-6.399999999999999
2025,Spain,"Tertiary graduates (%, 30-34)",56.6,46.8,-9.800000000000004
2025,Spain,"IVET graduates (%, 25-34)",9,12.1,3.0999999999999996
2025,Spain,"Graduated in tertiary education in EHW (Education, Health and Welfare, Humanities and Art (tertiary students) (%)",72.4,27.6,-44.800000000000004
2025,Spain,"Graduated in tertiary education in STEM (Science, Technology, Engineering and Mathematics) (tertiary students) (%)",27.2,72.8,45.599999999999994
2025,Spain,"Informal childcare (0-11) for more than 35 weekly hours (%, 16-74)",55.9,29.3,-26.599999999999998
2025,Spain,"Informal long-term care for more than 20 hours per week (%, 45-64)",44.5,39.7,-4.799999999999997
2025,Spain,"Housework chores (cooking, cleaning, laundry) every day (%, 16–74)",59.4,38.7,-20.699999999999996
2025,Spain,"Hours spent on leisure activities per week (%, 16-74)",34.9,47.3,12.399999999999999
2025,Spain,"Voluntary, charitable or political activities at least once per week (%, 16-74)",12.1,14.1,2
2025,Spain,Share of ministers (%),44.9,55.1,10.200000000000003
2025,Spain,Share of members of parliament (%),43.6,56.4,12.799999999999997
2025,Spain,Share of members of regional assemblies (%),46.9,53.1,6.200000000000003
2025,Spain,Share of members of boards in largest quoted companies (%),41.1,58.9,17.799999999999997
2025,Spain,Share of members of highest decision making body of the national Olympic most popular sport organisations (%),38.1,61.9,23.799999999999997
2025,Spain,"Self-perceived health, good or very good (%, 16+ population)",67.3,73.1,5.799999999999997
2025,Spain,"Healthy life years at 65 in percentage of the total life expectancy (%, 65+)",42.8,52,9.200000000000003
2025,Spain,"People who don’t smoke and are not involved in harmful drinking (%, 16+)",78.5,69.3,-9.200000000000003
2025,Spain,"People doing physical activities and/or consuming fruits and vegetables (%, 16+)",38.2,46.6,8.399999999999999
2025,France,"Full-time equivalent employment rate (%, 15-89)",45.3,54.5,9.200000000000003
2025,France,"Duration of working life (years, 15+ population)",35.8,38.5,2.700000000000003
2025,France,"ICT specialists (%, 15-74)",19.3,80.7,61.400000000000006
2025,France,"Managers (%, 15-74)",39.6,60.4,20.799999999999997
2025,France,"Low paid workers (%, 16+)",28.7,18.2,-10.5
2025,France,"Median earnings (PPS, %, 18-64 employed population)",26997,32121,5124
2025,France,"Median partner earnings ratio (%, 18-64)",80.5,134.1,53.599999999999994
2025,France,"In-work poverty of adults in single or single-parent households (%, 16+ employed population)",16.2,12.2,-4
2025,France,"Tertiary graduates (%, 30-34)",56,48.8,-7.200000000000003
2025,France,"IVET graduates (%, 25-34)",25.8,29.8,4
2025,France,"Graduated in tertiary education in EHW (Education, Health and Welfare, Humanities and Art (tertiary students) (%)",72.5,27.5,-45
2025,France,"Graduated in tertiary education in STEM (Science, Technology, Engineering and Mathematics) (tertiary students) (%)",34.5,65.5,31
2025,France,"Informal childcare (0-11) for more than 35 weekly hours (%, 16-74)",21.1,13.4,-7.700000000000001
2025,France,"Informal long-term care for more than 20 hours per week (%, 45-64)",8,5.4,-2.5999999999999996
2025,France,"Housework chores (cooking, cleaning, laundry) every day (%, 16–74)",60.9,39.5,-21.4
2025,France,"Hours spent on leisure activities per week (%, 16-74)",26.5,37.7,11.200000000000003
2025,France,"Voluntary, charitable or political activities at least once per week (%, 16-74)",15.3,22,6.699999999999999
2025,France,Share of ministers (%),51,49,-2
2025,France,Share of members of parliament (%),36.7,63.3,26.599999999999994
2025,France,Share of members of regional assemblies (%),49.8,50.2,0.4000000000000057
2025,France,Share of members of boards in largest quoted companies (%),47.2,52.8,5.599999999999994
2025,France,Share of members of highest decision making body of the national Olympic most popular sport organisations (%),39.1,60.9,21.799999999999997
2025,France,"Self-perceived health, good or very good (%, 16+ population)",63.6,69,5.399999999999999
2025,France,"Healthy life years at 65 in percentage of the total life expectancy (%, 65+)",50.7,52.7,2
2025,France,"People who don’t smoke and are not involved in harmful drinking (%, 16+)",72.3,55.5,-16.799999999999997
2025,France,"People doing physical activities and/or consuming fruits and vegetables (%, 16+)",38.2,43.5,5.299999999999997
2025,Croatia,"Full-time equivalent employment rate (%, 15-89)",44.7,54.8,10.099999999999994
2025,Croatia,"Duration of working life (years, 15+ population)",33.6,36,2.3999999999999986
2025,Croatia,"ICT specialists (%, 15-74)",21.5,78.5,57
2025,Croatia,"Managers (%, 15-74)",27.6,72.4,44.800000000000004
2025,Croatia,"Low paid workers (%, 16+)",28.6,17.5,-11.100000000000001
2025,Croatia,"Median earnings (PPS, %, 18-64 employed population)",20081,24600,4519
2025,Croatia,"Median partner earnings ratio (%, 18-64)",83.9,131.9,48
2025,Croatia,"In-work poverty of adults in single or single-parent households (%, 16+ employed population)",16.7,14.5,-2.1999999999999993
2025,Croatia,"Tertiary graduates (%, 30-34)",52.3,30,-22.299999999999997
2025,Croatia,"IVET graduates (%, 25-34)",41.7,61.9,20.199999999999996
2025,Croatia,"Graduated in tertiary education in EHW (Education, Health and Welfare, Humanities and Art (tertiary students) (%)",77.7,22.3,-55.400000000000006
2025,Croatia,"Graduated in tertiary education in STEM (Science, Technology, Engineering and Mathematics) (tertiary students) (%)",39.4,60.6,21.200000000000003
2025,Croatia,"Informal childcare (0-11) for more than 35 weekly hours (%, 16-74)",37.7,33.1,-4.600000000000001
2025,Croatia,"Informal long-term care for more than 20 hours per week (%, 45-64)",38,20.7,-17.3
2025,Croatia,"Housework chores (cooking, cleaning, laundry) every day (%, 16–74)",65.3,26.6,-38.699999999999996
2025,Croatia,"Hours spent on leisure activities per week (%, 16-74)",32,41.8,9.799999999999997
2025,Croatia,"Voluntary, charitable or political activities at least once per week (%, 16-74)",14.2,11.6,-2.5999999999999996
2025,Croatia,Share of ministers (%),16.2,83.8,67.6
2025,Croatia,Share of members of parliament (%),34.1,65.9,31.800000000000004
2025,Croatia,Share of members of regional assemblies (%),29.9,70.1,40.199999999999996
2025,Croatia,Share of members of boards in largest quoted companies (%),26.5,73.5,47
2025,Croatia,Share of members of highest decision making body of the national Olympic most popular sport organisations (%),8.8,91.2,82.4
2025,Croatia,"Self-perceived health, good or very good (%, 16+ population)",64.4,69.9,5.5
2025,Croatia,"Healthy life years at 65 in percentage of the total life expectancy (%, 65+)",29.9,38.4,8.5
2025,Croatia,"People who don’t smoke and are not involved in harmful drinking (%, 16+)",70.5,55.2,-15.299999999999997
2025,Croatia,"People doing physical activities and/or consuming fruits and vegetables (%, 16+)",25.2,29.9,4.699999999999999
2025,Italy,"Full-time equivalent employment rate (%, 15-89)",33,53.1,20.1
2025,Italy,"Duration of working life (years, 15+ population)",28.2,37.2,9.000000000000004
2025,Italy,"ICT specialists (%, 15-74)",17.1,82.9,65.80000000000001
2025,Italy,"Managers (%, 15-74)",28,72,44
2025,Italy,"Low paid workers (%, 16+)",31.3,15.8,-15.5
2025,Italy,"Median earnings (PPS, %, 18-64 employed population)",23942,30174,6232
2025,Italy,"Median partner earnings ratio (%, 18-64)",53.2,212.4,159.2
2025,Italy,"In-work poverty of adults in single or single-parent households (%, 16+ employed population)",20,14.9,-5.1
2025,Italy,"Tertiary graduates (%, 30-34)",37.9,23.8,-14.099999999999998
2025,Italy,"IVET graduates (%, 25-34)",28.1,41.4,13.299999999999997
2025,Italy,"Graduated in tertiary education in EHW (Education, Health and Welfare, Humanities and Art (tertiary students) (%)",72.8,27.2,-45.599999999999994
2025,Italy,"Graduated in tertiary education in STEM (Science, Technology, Engineering and Mathematics) (tertiary students) (%)",39.3,60.7,21.400000000000006
2025,Italy,"Informal childcare (0-11) for more than 35 weekly hours (%, 16-74)",41.4,15.9,-25.5
2025,Italy,"Informal long-term care for more than 20 hours per week (%, 45-64)",31.2,23.3,-7.899999999999999
2025,Italy,"Housework chores (cooking, cleaning, laundry) every day (%, 16–74)",64.9,27.7,-37.2
2025,Italy,"Hours spent on leisure activities per week (%, 16-74)",28,41.6,13.600000000000001
2025,Italy,"Voluntary, charitable or political activities at least once per week (%, 16-74)",9.5,13.9,4.4
2025,Italy,Share of ministers (%),30.2,69.8,39.599999999999994
2025,Italy,Share of members of parliament (%),33.7,66.3,32.599999999999994
2025,Italy,Share of members of regional assemblies (%),27.2,72.8,45.599999999999994
2025,Italy,Share of members of boards in largest quoted companies (%),44.2,55.8,11.599999999999994
2025,Italy,Share of members of highest decision making body of the national Olympic most popular sport organisations (%),27.6,72.4,44.800000000000004
2025,Italy,"Self-perceived health, good or very good (%, 16+ population)",73,78.1,5.099999999999994
2025,Italy,"Healthy life years at 65 in percentage of the total life expectancy (%, 65+)",47.5,55.6,8.100000000000001
2025,Italy,"People who don’t smoke and are not involved in harmful drinking (%, 16+)",80.3,68.7,-11.599999999999994
2025,Italy,"People doing physical activities and/or consuming fruits and vegetables (%, 16+)",24.8,29.8,5
2025,Cyprus,"Full-time equivalent employment rate (%, 15-89)",54.9,64.3,9.399999999999999
2025,Cyprus,"Duration of working life (years, 15+ population)",36.3,41.6,5.300000000000004
2025,Cyprus,"ICT specialists (%, 15-74)",23.7,76.3,52.599999999999994
2025,Cyprus,"Managers (%, 15-74)",25.7,74.3,48.599999999999994
2025,Cyprus,"Low paid workers (%, 16+)",32.7,13.8,-18.900000000000002
2025,Cyprus,"Median earnings (PPS, %, 18-64 employed population)",19636,27787,8151
2025,Cyprus,"Median partner earnings ratio (%, 18-64)",68.5,151.3,82.80000000000001
2025,Cyprus,"In-work poverty of adults in single or single-parent households (%, 16+ employed population)",17.8,10.6,-7.200000000000001
2025,Cyprus,"Tertiary graduates (%, 30-34)",72.9,55.6,-17.300000000000004
2025,Cyprus,"IVET graduates (%, 25-34)",3.6,14.7,11.1
2025,Cyprus,"Graduated in tertiary education in EHW (Education, Health and Welfare, Humanities and Art (tertiary students) (%)",78.6,21.4,-57.199999999999996
2025,Cyprus,"Graduated in tertiary education in STEM (Science, Technology, Engineering and Mathematics) (tertiary students) (%)",35.4,64.6,29.199999999999996
2025,Cyprus,"Informal childcare (0-11) for more than 35 weekly hours (%, 16-74)",42.8,14.8,-27.999999999999996
2025,Cyprus,"Informal long-term care for more than 20 hours per week (%, 45-64)",9.2,5.1,-4.1
2025,Cyprus,"Housework chores (cooking, cleaning, laundry) every day (%, 16–74)",62.5,23.8,-38.7
2025,Cyprus,"Hours spent on leisure activities per week (%, 16-74)",15.8,25.4,9.599999999999998
2025,Cyprus,"Voluntary, charitable or political activities at least once per week (%, 16-74)",12.2,15.6,3.4000000000000004
2025,Cyprus,Share of ministers (%),16.7,83.3,66.6
2025,Cyprus,Share of members of parliament (%),14.3,85.7,71.4
2025,Cyprus,Share of members of regional assemblies (%),20.8,79.2,58.400000000000006
2025,Cyprus,Share of members of boards in largest quoted companies (%),10.5,89.5,79
2025,Cyprus,Share of members of highest decision making body of the national Olympic most popular sport organisations (%),10.7,89.3,78.6
2025,Cyprus,"Self-perceived health, good or very good (%, 16+ population)",74.5,75.8,1.2999999999999972
2025,Cyprus,"Healthy life years at 65 in percentage of the total life expectancy (%, 65+)",39.2,42.1,2.8999999999999986
2025,Cyprus,"People who don’t smoke and are not involved in harmful drinking (%, 16+)",84.1,59.8,-24.299999999999997
2025,Cyprus,"People doing physical activities and/or consuming fruits and vegetables (%, 16+)",24.4,31.4,7
2025,Latvia,"Full-time equivalent employment rate (%, 15-89)",52.4,63.6,11.200000000000003
2025,Latvia,"Duration of working life (years, 15+ population)",37.5,37.3,-0.20000000000000284
2025,Latvia,"ICT specialists (%, 15-74)",26.8,73.2,46.400000000000006
2025,Latvia,"Managers (%, 15-74)",43.4,56.6,13.200000000000003
2025,Latvia,"Low paid workers (%, 16+)",31.4,21.9,-9.5
2025,Latvia,"Median earnings (PPS, %, 18-64 employed population)",18725,24746,6021
2025,Latvia,"Median partner earnings ratio (%, 18-64)",70.7,140.1,69.39999999999999
2025,Latvia,"In-work poverty of adults in single or single-parent households (%, 16+ employed population)",16.3,12,-4.300000000000001
2025,Latvia,"Tertiary graduates (%, 30-34)",56.8,32.3,-24.5
2025,Latvia,"IVET graduates (%, 25-34)",17.7,25.9,8.2
2025,Latvia,"Graduated in tertiary education in EHW (Education, Health and Welfare, Humanities and Art (tertiary students) (%)",84.9,15.1,-69.80000000000001
2025,Latvia,"Graduated in tertiary education in STEM (Science, Technology, Engineering and Mathematics) (tertiary students) (%)",33.5,66.5,33
2025,Latvia,"Informal childcare (0-11) for more than 35 weekly hours (%, 16-74)",41.1,15.3,-25.8
2025,Latvia,"Informal long-term care for more than 20 hours per week (%, 45-64)",18.1,10.3,-7.800000000000001
2025,Latvia,"Housework chores (cooking, cleaning, laundry) every day (%, 16–74)",56,28.8,-27.2
2025,Latvia,"Hours spent on leisure activities per week (%, 16-74)",28,40.5,12.5
2025,Latvia,"Voluntary, charitable or political activities at least once per week (%, 16-74)",9.3,14.2,4.899999999999999
2025,Latvia,Share of ministers (%),40.9,59.1,18.200000000000003
2025,Latvia,Share of members of parliament (%),30.8,69.3,38.5
2025,Latvia,Share of members of regional assemblies (%),18.8,81.3,62.5
2025,Latvia,Share of members of boards in largest quoted companies (%),25.6,74.4,48.800000000000004
2025,Latvia,Share of members of highest decision making body of the national Olympic most popular sport organisations (%),21.5,78.5,57
2025,Latvia,"Self-perceived health, good or very good (%, 16+ population)",45.7,53.2,7.5
2025,Latvia,"Healthy life years at 65 in percentage of the total life expectancy (%, 65+)",25.8,31.5,5.699999999999999
2025,Latvia,"People who don’t smoke and are not involved in harmful drinking (%, 16+)",79.4,49.5,-29.900000000000006
2025,Latvia,"People doing physical activities and/or consuming fruits and vegetables (%, 16+)",22.7,27.4,4.699999999999999
2025,Lithuania,"Full-time equivalent employment rate (%, 15-89)",54.9,64.2,9.300000000000004
2025,Lithuania,"Duration of working life (years, 15+ population)",38.7,38.4,-0.30000000000000426
2025,Lithuania,"ICT specialists (%, 15-74)",18.2,81.8,63.599999999999994
2025,Lithuania,"Managers (%, 15-74)",38.3,61.7,23.400000000000006
2025,Lithuania,"Low paid workers (%, 16+)",27.6,19.7,-7.900000000000002
2025,Lithuania,"Median earnings (PPS, %, 18-64 employed population)",23034,27563,4529
2025,Lithuania,"Median partner earnings ratio (%, 18-64)",77.5,134.7,57.19999999999999
2025,Lithuania,"In-work poverty of adults in single or single-parent households (%, 16+ employed population)",12.5,11.3,-1.1999999999999993
2025,Lithuania,"Tertiary graduates (%, 30-34)",70.8,52.8,-18
2025,Lithuania,"IVET graduates (%, 25-34)",15.8,23.8,8
2025,Lithuania,"Graduated in tertiary education in EHW (Education, Health and Welfare, Humanities and Art (tertiary students) (%)",81.3,18.7,-62.599999999999994
2025,Lithuania,"Graduated in tertiary education in STEM (Science, Technology, Engineering and Mathematics) (tertiary students) (%)",30,70,40
2025,Lithuania,"Informal childcare (0-11) for more than 35 weekly hours (%, 16-74)",37.2,25.1,-12.100000000000001
2025,Lithuania,"Informal long-term care for more than 20 hours per week (%, 45-64)",21.7,12.5,-9.2
2025,Lithuania,"Housework chores (cooking, cleaning, laundry) every day (%, 16–74)",59.7,33.4,-26.300000000000004
2025,Lithuania,"Hours spent on leisure activities per week (%, 16-74)",32.3,43.9,11.600000000000001
2025,Lithuania,"Voluntary, charitable or political activities at least once per week (%, 16-74)",6.8,11.5,4.7
2025,Lithuania,Share of ministers (%),43.5,56.5,13
2025,Lithuania,Share of members of parliament (%),29.9,70.1,40.199999999999996
2025,Lithuania,Share of members of regional assemblies (%),32.3,67.7,35.400000000000006
2025,Lithuania,Share of members of boards in largest quoted companies (%),27.7,72.3,44.599999999999994
2025,Lithuania,Share of members of highest decision making body of the national Olympic most popular sport organisations (%),22.7,77.3,54.599999999999994
2025,Lithuania,"Self-perceived health, good or very good (%, 16+ population)",44.8,54.5,9.700000000000003
2025,Lithuania,"Healthy life years at 65 in percentage of the total life expectancy (%, 65+)",37.3,45.6,8.300000000000004
2025,Lithuania,"People who don’t smoke and are not involved in harmful drinking (%, 16+)",82.4,51.7,-30.700000000000003
2025,Lithuania,"People doing physical activities and/or consuming fruits and vegetables (%, 16+)",31.2,33.7,2.5000000000000036
2025,Luxembourg,"Full-time equivalent employment rate (%, 15-89)",52.4,64.5,12.100000000000001
2025,Luxembourg,"Duration of working life (years, 15+ population)",34,37.1,3.1000000000000014
2025,Luxembourg,"ICT specialists (%, 15-74)",17.4,82.6,65.19999999999999
2025,Luxembourg,"Managers (%, 15-74)",35.8,64.2,28.400000000000006
2025,Luxembourg,"Low paid workers (%, 16+)",38,22.4,-15.600000000000001
2025,Luxembourg,"Median earnings (PPS, %, 18-64 employed population)",43870,55498,11628
2025,Luxembourg,"Median partner earnings ratio (%, 18-64)",79.9,132.8,52.900000000000006
2025,Luxembourg,"In-work poverty of adults in single or single-parent households (%, 16+ employed population)",22.2,12,-10.2
2025,Luxembourg,"Tertiary graduates (%, 30-34)",70.3,62.4,-7.899999999999999
2025,Luxembourg,"IVET graduates (%, 25-34)",23.4,29,5.600000000000001
2025,Luxembourg,"Graduated in tertiary education in EHW (Education, Health and Welfare, Humanities and Art (tertiary students) (%)",69.9,30.1,-39.800000000000004
2025,Luxembourg,"Graduated in tertiary education in STEM (Science, Technology, Engineering and Mathematics) (tertiary students) (%)",32.2,67.8,35.599999999999994
2025,Luxembourg,"Informal childcare (0-11) for more than 35 weekly hours (%, 16-74)",24.3,10.9,-13.4
2025,Luxembourg,"Informal long-term care for more than 20 hours per week (%, 45-64)",9,6,-3
2025,Luxembourg,"Housework chores (cooking, cleaning, laundry) every day (%, 16–74)",38.2,21.3,-16.900000000000002
2025,Luxembourg,"Hours spent on leisure activities per week (%, 16-74)",43.8,60.4,16.6
2025,Luxembourg,"Voluntary, charitable or political activities at least once per week (%, 16-74)",18.2,17.8,-0.3999999999999986
2025,Luxembourg,Share of ministers (%),33.3,66.7,33.400000000000006
2025,Luxembourg,Share of members of parliament (%),34.2,65.8,31.599999999999994
2025,Luxembourg,Share of members of regional assemblies (%),31.4,68.6,37.199999999999996
2025,Luxembourg,Share of members of boards in largest quoted companies (%),23.1,76.9,53.800000000000004
2025,Luxembourg,Share of members of highest decision making body of the national Olympic most popular sport organisations (%),25.7,74.3,48.599999999999994
2025,Luxembourg,"Self-perceived health, good or very good (%, 16+ population)",72.9,73.2,0.29999999999999716
2025,Luxembourg,"Healthy life years at 65 in percentage of the total life expectancy (%, 65+)",44.1,49.3,5.199999999999996
2025,Luxembourg,"People who don’t smoke and are not involved in harmful drinking (%, 16+)",67.2,46.5,-20.700000000000003
2025,Luxembourg,"People doing physical activities and/or consuming fruits and vegetables (%, 16+)",49.1,52.8,3.6999999999999957
2025,Hungary,"Full-time equivalent employment rate (%, 15-89)",51.5,65.4,13.900000000000006
2025,Hungary,"Duration of working life (years, 15+ population)",35.8,39,3.200000000000003
2025,Hungary,"ICT specialists (%, 15-74)",15.2,84.8,69.6
2025,Hungary,"Managers (%, 15-74)",40.6,59.4,18.799999999999997
2025,Hungary,"Low paid workers (%, 16+)",26.6,26.8,0.1999999999999993
2025,Hungary,"Median earnings (PPS, %, 18-64 employed population)",13514,15572,2058
2025,Hungary,"Median partner earnings ratio (%, 18-64)",70.1,150.1,80
2025,Hungary,"In-work poverty of adults in single or single-parent households (%, 16+ employed population)",15.2,14.1,-1.0999999999999996
2025,Hungary,"Tertiary graduates (%, 30-34)",40.7,27.8,-12.900000000000002
2025,Hungary,"IVET graduates (%, 25-34)",30.8,43.5,12.7
2025,Hungary,"Graduated in tertiary education in EHW (Education, Health and Welfare, Humanities and Art (tertiary students) (%)",76.3,23.7,-52.599999999999994
2025,Hungary,"Graduated in tertiary education in STEM (Science, Technology, Engineering and Mathematics) (tertiary students) (%)",27.8,72.2,44.400000000000006
2025,Hungary,"Informal childcare (0-11) for more than 35 weekly hours (%, 16-74)",47,22.5,-24.5
2025,Hungary,"Informal long-term care for more than 20 hours per week (%, 45-64)",12.5,7.9,-4.6
2025,Hungary,"Housework chores (cooking, cleaning, laundry) every day (%, 16–74)",48.4,21.4,-27
2025,Hungary,"Hours spent on leisure activities per week (%, 16-74)",29.5,40.2,10.700000000000003
2025,Hungary,"Voluntary, charitable or political activities at least once per week (%, 16-74)",10.4,11.8,1.4000000000000004
2025,Hungary,Share of ministers (%),0,100,100
2025,Hungary,Share of members of parliament (%),14.3,85.7,71.4
2025,Hungary,Share of members of regional assemblies (%),16.2,83.8,67.6
2025,Hungary,Share of members of boards in largest quoted companies (%),10.5,89.5,79
2025,Hungary,Share of members of highest decision making body of the national Olympic most popular sport organisations (%),16.8,83.2,66.4
2025,Hungary,"Self-perceived health, good or very good (%, 16+ population)",61.7,67.7,6
2025,Hungary,"Healthy life years at 65 in percentage of the total life expectancy (%, 65+)",41.9,48.7,6.800000000000004
2025,Hungary,"People who don’t smoke and are not involved in harmful drinking (%, 16+)",71.9,56.6,-15.300000000000004
2025,Hungary,"People doing physical activities and/or consuming fruits and vegetables (%, 16+)",34.6,38.9,4.299999999999997
2025,Malta,"Full-time equivalent employment rate (%, 15-89)",51.5,70.6,19.099999999999994
2025,Malta,"Duration of working life (years, 15+ population)",35.4,42.3,6.899999999999999
2025,Malta,"ICT specialists (%, 15-74)",14.7,85.3,70.6
2025,Malta,"Managers (%, 15-74)",37,63,26
2025,Malta,"Low paid workers (%, 16+)",30.2,21.6,-8.599999999999998
2025,Malta,"Median earnings (PPS, %, 18-64 employed population)",24312,27383,3071
2025,Malta,"Median partner earnings ratio (%, 18-64)",65.5,155.7,90.19999999999999
2025,Malta,"In-work poverty of adults in single or single-parent households (%, 16+ employed population)",24.7,22.3,-2.3999999999999986
2025,Malta,"Tertiary graduates (%, 30-34)",53.1,40.6,-12.5
2025,Malta,"IVET graduates (%, 25-34)",13.4,19.8,6.4
2025,Malta,"Graduated in tertiary education in EHW (Education, Health and Welfare, Humanities and Art (tertiary students) (%)",71,29,-42
2025,Malta,"Graduated in tertiary education in STEM (Science, Technology, Engineering and Mathematics) (tertiary students) (%)",32.8,67.2,34.400000000000006
2025,Malta,"Informal childcare (0-11) for more than 35 weekly hours (%, 16-74)",37,14.4,-22.6
2025,Malta,"Informal long-term care for more than 20 hours per week (%, 45-64)",24.4,18.4,-6
2025,Malta,"Housework chores (cooking, cleaning, laundry) every day (%, 16–74)",52.5,25.2,-27.3
2025,Malta,"Hours spent on leisure activities per week (%, 16-74)",43.5,59.2,15.700000000000003
2025,Malta,"Voluntary, charitable or political activities at least once per week (%, 16-74)",13.8,22.2,8.399999999999999
2025,Malta,Share of ministers (%),17.3,82.7,65.4
2025,Malta,Share of members of parliament (%),27.8,72.2,44.400000000000006
2025,Malta,Share of members of regional assemblies (%),26.3,73.7,47.400000000000006
2025,Malta,Share of members of boards in largest quoted companies (%),17,83,66
2025,Malta,Share of members of highest decision making body of the national Olympic most popular sport organisations (%),18.8,81.2,62.400000000000006
2025,Malta,"Self-perceived health, good or very good (%, 16+ population)",75,82.7,7.700000000000003
2025,Malta,"Healthy life years at 65 in percentage of the total life expectancy (%, 65+)",53.9,66.5,12.600000000000001
2025,Malta,"People who don’t smoke and are not involved in harmful drinking (%, 16+)",73.5,58.2,-15.299999999999997
2025,Malta,"People doing physical activities and/or consuming fruits and vegetables (%, 16+)",21.7,21.9,0.1999999999999993
2025,Netherlands,"Full-time equivalent employment rate (%, 15-89)",46.9,63.1,16.200000000000003
2025,Netherlands,"Duration of working life (years, 15+ population)",41.8,45.7,3.9000000000000057
2025,Netherlands,"ICT specialists (%, 15-74)",18.7,81.3,62.599999999999994
2025,Netherlands,"Managers (%, 15-74)",30.3,69.7,39.400000000000006
2025,Netherlands,"Low paid workers (%, 16+)",34.8,14.8,-19.999999999999996
2025,Netherlands,"Median earnings (PPS, %, 18-64 employed population)",30393,44687,14294
2025,Netherlands,"Median partner earnings ratio (%, 18-64)",60.6,172.1,111.5
2025,Netherlands,"In-work poverty of adults in single or single-parent households (%, 16+ employed population)",14.6,12.7,-1.9000000000000004
2025,Netherlands,"Tertiary graduates (%, 30-34)",59.3,50.4,-8.899999999999999
2025,Netherlands,"IVET graduates (%, 25-34)",26,28.3,2.3000000000000007
2025,Netherlands,"Graduated in tertiary education in EHW (Education, Health and Welfare, Humanities and Art (tertiary students) (%)",73.3,26.7,-46.599999999999994
2025,Netherlands,"Graduated in tertiary education in STEM (Science, Technology, Engineering and Mathematics) (tertiary students) (%)",33.9,66.1,32.199999999999996
2025,Netherlands,"Informal childcare (0-11) for more than 35 weekly hours (%, 16-74)",49,25.5,-23.5
2025,Netherlands,"Informal long-term care for more than 20 hours per week (%, 45-64)",8.7,8.3,-0.3999999999999986
2025,Netherlands,"Housework chores (cooking, cleaning, laundry) every day (%, 16–74)",52.3,32,-20.299999999999997
2025,Netherlands,"Hours spent on leisure activities per week (%, 16-74)",38,49.1,11.100000000000001
2025,Netherlands,"Voluntary, charitable or political activities at least once per week (%, 16-74)",15.8,18.9,3.099999999999998
2025,Netherlands,Share of ministers (%),44.2,55.8,11.599999999999994
2025,Netherlands,Share of members of parliament (%),40.1,59.9,19.799999999999997
2025,Netherlands,Share of members of regional assemblies (%),38.5,61.5,23
2025,Netherlands,Share of members of boards in largest quoted companies (%),42,58,16
2025,Netherlands,Share of members of highest decision making body of the national Olympic most popular sport organisations (%),35.1,64.9,29.800000000000004
2025,Netherlands,"Self-perceived health, good or very good (%, 16+ population)",68.6,71.1,2.5
2025,Netherlands,"Healthy life years at 65 in percentage of the total life expectancy (%, 65+)",43,48.6,5.600000000000001
2025,Netherlands,"People who don’t smoke and are not involved in harmful drinking (%, 16+)",75.5,57.5,-18
2025,Netherlands,"People doing physical activities and/or consuming fruits and vegetables (%, 16+)",70.7,73.9,3.200000000000003
2025,Austria,"Full-time equivalent employment rate (%, 15-89)",42.9,60.2,17.300000000000004
2025,Austria,"Duration of working life (years, 15+ population)",36.9,40.4,3.5
2025,Austria,"ICT specialists (%, 15-74)",21.1,78.9,57.800000000000004
2025,Austria,"Managers (%, 15-74)",36.2,63.8,27.599999999999994
2025,Austria,"Low paid workers (%, 16+)",34.5,15,-19.5
2025,Austria,"Median earnings (PPS, %, 18-64 employed population)",29237,43249,14012
2025,Austria,"Median partner earnings ratio (%, 18-64)",61.7,177.3,115.60000000000001
2025,Austria,"In-work poverty of adults in single or single-parent households (%, 16+ employed population)",16.9,12,-4.899999999999999
2025,Austria,"Tertiary graduates (%, 30-34)",50.5,38.3,-12.200000000000003
2025,Austria,"IVET graduates (%, 25-34)",31.8,40.8,8.999999999999996
2025,Austria,"Graduated in tertiary education in EHW (Education, Health and Welfare, Humanities and Art (tertiary students) (%)",74.4,25.6,-48.800000000000004
2025,Austria,"Graduated in tertiary education in STEM (Science, Technology, Engineering and Mathematics) (tertiary students) (%)",29.4,70.6,41.199999999999996
2025,Austria,"Informal childcare (0-11) for more than 35 weekly hours (%, 16-74)",51.7,21.3,-30.400000000000002
2025,Austria,"Informal long-term care for more than 20 hours per week (%, 45-64)",15.1,9.9,-5.199999999999999
2025,Austria,"Housework chores (cooking, cleaning, laundry) every day (%, 16–74)",54.7,28.9,-25.800000000000004
2025,Austria,"Hours spent on leisure activities per week (%, 16-74)",34,46.2,12.200000000000003
2025,Austria,"Voluntary, charitable or political activities at least once per week (%, 16-74)",13,16.9,3.8999999999999986
2025,Austria,Share of ministers (%),44.9,55.1,10.200000000000003
2025,Austria,Share of members of parliament (%),41.5,58.5,17
2025,Austria,Share of members of regional assemblies (%),36,64,28
2025,Austria,Share of members of boards in largest quoted companies (%),34.6,65.4,30.800000000000004
2025,Austria,Share of members of highest decision making body of the national Olympic most popular sport organisations (%),16.5,83.5,67
2025,Austria,"Self-perceived health, good or very good (%, 16+ population)",66.3,69.1,2.799999999999997
2025,Austria,"Healthy life years at 65 in percentage of the total life expectancy (%, 65+)",43.4,50.3,6.899999999999999
2025,Austria,"People who don’t smoke and are not involved in harmful drinking (%, 16+)",70.7,56.1,-14.600000000000001
2025,Austria,"People doing physical activities and/or consuming fruits and vegetables (%, 16+)",44.5,47.7,3.200000000000003
2025,Poland,"Full-time equivalent employment rate (%, 15-89)",48.6,63.8,15.199999999999996
2025,Poland,"Duration of working life (years, 15+ population)",33.4,37.6,4.200000000000003
2025,Poland,"ICT specialists (%, 15-74)",17.5,82.5,65
2025,Poland,"Managers (%, 15-74)",41.9,58.1,16.200000000000003
2025,Poland,"Low paid workers (%, 16+)",15.6,10.5,-5.1
2025,Poland,"Median earnings (PPS, %, 18-64 employed population)",18822,21321,2499
2025,Poland,"Median partner earnings ratio (%, 18-64)",73.7,133,59.3
2025,Poland,"In-work poverty of adults in single or single-parent households (%, 16+ employed population)",10,13.8,3.8000000000000007
2025,Poland,"Tertiary graduates (%, 30-34)",57.3,39.3,-18
2025,Poland,"IVET graduates (%, 25-34)",26.1,42.2,16.1
2025,Poland,"Graduated in tertiary education in EHW (Education, Health and Welfare, Humanities and Art (tertiary students) (%)",81.2,18.8,-62.400000000000006
2025,Poland,"Graduated in tertiary education in STEM (Science, Technology, Engineering and Mathematics) (tertiary students) (%)",40.2,59.8,19.599999999999994
2025,Poland,"Informal childcare (0-11) for more than 35 weekly hours (%, 16-74)",53.7,25.3,-28.400000000000002
2025,Poland,"Informal long-term care for more than 20 hours per week (%, 45-64)",26,23.2,-2.8000000000000007
2025,Poland,"Housework chores (cooking, cleaning, laundry) every day (%, 16–74)",58.2,32.8,-25.400000000000006
2025,Poland,"Hours spent on leisure activities per week (%, 16-74)",26.3,38.2,11.900000000000002
2025,Poland,"Voluntary, charitable or political activities at least once per week (%, 16-74)",10.6,13.5,2.9000000000000004
2025,Poland,Share of ministers (%),29.1,70.9,41.800000000000004
2025,Poland,Share of members of parliament (%),28.7,71.3,42.599999999999994
2025,Poland,Share of members of regional assemblies (%),29.2,70.8,41.599999999999994
2025,Poland,Share of members of boards in largest quoted companies (%),23.4,76.6,53.199999999999996
2025,Poland,Share of members of highest decision making body of the national Olympic most popular sport organisations (%),9.6,90.4,80.80000000000001
2025,Poland,"Self-perceived health, good or very good (%, 16+ population)",61.5,67.4,5.900000000000006
2025,Poland,"Healthy life years at 65 in percentage of the total life expectancy (%, 65+)",44.5,50.6,6.100000000000001
2025,Poland,"People who don’t smoke and are not involved in harmful drinking (%, 16+)",75.9,55.6,-20.300000000000004
2025,Poland,"People doing physical activities and/or consuming fruits and vegetables (%, 16+)",24.3,27.1,2.8000000000000007
2025,Portugal,"Full-time equivalent employment rate (%, 15-89)",51.6,61.1,9.5
2025,Portugal,"Duration of working life (years, 15+ population)",38.3,40.2,1.9000000000000057
2025,Portugal,"ICT specialists (%, 15-74)",22.7,77.3,54.599999999999994
2025,Portugal,"Managers (%, 15-74)",38.3,61.7,23.400000000000006
2025,Portugal,"Low paid workers (%, 16+)",15.7,9.7,-6
2025,Portugal,"Median earnings (PPS, %, 18-64 employed population)",15693,19093,3400
2025,Portugal,"Median partner earnings ratio (%, 18-64)",79.6,130.4,50.80000000000001
2025,Portugal,"In-work poverty of adults in single or single-parent households (%, 16+ employed population)",15.3,15.6,0.29999999999999893
2025,Portugal,"Tertiary graduates (%, 30-34)",49.8,34.1,-15.699999999999996
2025,Portugal,"IVET graduates (%, 25-34)",16.5,24.1,7.600000000000001
2025,Portugal,"Graduated in tertiary education in EHW (Education, Health and Welfare, Humanities and Art (tertiary students) (%)",74.1,25.9,-48.199999999999996
2025,Portugal,"Graduated in tertiary education in STEM (Science, Technology, Engineering and Mathematics) (tertiary students) (%)",36.5,63.5,27
2025,Portugal,"Informal childcare (0-11) for more than 35 weekly hours (%, 16-74)",28.3,13.5,-14.8
2025,Portugal,"Informal long-term care for more than 20 hours per week (%, 45-64)",31.6,15.5,-16.1
2025,Portugal,"Housework chores (cooking, cleaning, laundry) every day (%, 16–74)",66.3,44.3,-22
2025,Portugal,"Hours spent on leisure activities per week (%, 16-74)",21.3,31.1,9.8
2025,Portugal,"Voluntary, charitable or political activities at least once per week (%, 16-74)",10,10.4,0.40000000000000036
2025,Portugal,Share of ministers (%),38.1,61.9,23.799999999999997
2025,Portugal,Share of members of parliament (%),35.4,64.6,29.199999999999996
2025,Portugal,Share of members of regional assemblies (%),34.6,65.4,30.800000000000004
2025,Portugal,Share of members of boards in largest quoted companies (%),34.7,65.3,30.599999999999994
2025,Portugal,Share of members of highest decision making body of the national Olympic most popular sport organisations (%),19,81,62
2025,Portugal,"Self-perceived health, good or very good (%, 16+ population)",50,57.6,7.600000000000001
2025,Portugal,"Healthy life years at 65 in percentage of the total life expectancy (%, 65+)",34.2,47.5,13.299999999999997
2025,Portugal,"People who don’t smoke and are not involved in harmful drinking (%, 16+)",83,62,-21
2025,Portugal,"People doing physical activities and/or consuming fruits and vegetables (%, 16+)",26.3,29.7,3.3999999999999986
2025,Romania,"Full-time equivalent employment rate (%, 15-89)",39.7,57.8,18.099999999999994
2025,Romania,"Duration of working life (years, 15+ population)",29.2,35.9,6.699999999999999
2025,Romania,"ICT specialists (%, 15-74)",27.3,72.7,45.400000000000006
2025,Romania,"Managers (%, 15-74)",33.9,66.1,32.199999999999996
2025,Romania,"Low paid workers (%, 16+)",15.8,6.7,-9.100000000000001
2025,Romania,"Median earnings (PPS, %, 18-64 employed population)",21434,24624,3190
2025,Romania,"Median partner earnings ratio (%, 18-64)",77.9,132.4,54.5
2025,Romania,"In-work poverty of adults in single or single-parent households (%, 16+ employed population)",7.1,14.1,7
2025,Romania,"Tertiary graduates (%, 30-34)",27.1,20.3,-6.800000000000001
2025,Romania,"IVET graduates (%, 25-34)",48.5,56.1,7.600000000000001
2025,Romania,"Graduated in tertiary education in EHW (Education, Health and Welfare, Humanities and Art (tertiary students) (%)",73.8,26.2,-47.599999999999994
2025,Romania,"Graduated in tertiary education in STEM (Science, Technology, Engineering and Mathematics) (tertiary students) (%)",42.1,57.9,15.799999999999997
2025,Romania,"Informal childcare (0-11) for more than 35 weekly hours (%, 16-74)",46.4,22,-24.4
2025,Romania,"Informal long-term care for more than 20 hours per week (%, 45-64)",22.2,12.9,-9.299999999999999
2025,Romania,"Housework chores (cooking, cleaning, laundry) every day (%, 16–74)",61.4,29,-32.4
2025,Romania,"Hours spent on leisure activities per week (%, 16-74)",24.8,37.8,12.999999999999996
2025,Romania,"Voluntary, charitable or political activities at least once per week (%, 16-74)",10.8,13,2.1999999999999993
2025,Romania,Share of ministers (%),30,70,40
2025,Romania,Share of members of parliament (%),19.4,80.6,61.199999999999996
2025,Romania,Share of members of regional assemblies (%),21.9,78.1,56.199999999999996
2025,Romania,Share of members of boards in largest quoted companies (%),24.8,75.2,50.400000000000006
2025,Romania,Share of members of highest decision making body of the national Olympic most popular sport organisations (%),18.8,81.2,62.400000000000006
2025,Romania,"Self-perceived health, good or very good (%, 16+ population)",72,79.3,7.299999999999997
2025,Romania,"Healthy life years at 65 in percentage of the total life expectancy (%, 65+)",19.8,28.5,8.7
2025,Romania,"People who don’t smoke and are not involved in harmful drinking (%, 16+)",73,35.2,-37.8
2025,Romania,"People doing physical activities and/or consuming fruits and vegetables (%, 16+)",6.2,14,7.8
2025,Slovenia,"Full-time equivalent employment rate (%, 15-89)",49.3,60,10.700000000000003
2025,Slovenia,"Duration of working life (years, 15+ population)",35.8,38.4,2.6000000000000014
2025,Slovenia,"ICT specialists (%, 15-74)",19.2,80.8,61.599999999999994
2025,Slovenia,"Managers (%, 15-74)",33.8,66.2,32.400000000000006
2025,Slovenia,"Low paid workers (%, 16+)",21.3,16.2,-5.100000000000001
2025,Slovenia,"Median earnings (PPS, %, 18-64 employed population)",26852,30233,3381
2025,Slovenia,"Median partner earnings ratio (%, 18-64)",84.1,126.5,42.400000000000006
2025,Slovenia,"In-work poverty of adults in single or single-parent households (%, 16+ employed population)",17.4,16.9,-0.5
2025,Slovenia,"Tertiary graduates (%, 30-34)",57.6,31,-26.6
2025,Slovenia,"IVET graduates (%, 25-34)",31.4,52.5,21.1
2025,Slovenia,"Graduated in tertiary education in EHW (Education, Health and Welfare, Humanities and Art (tertiary students) (%)",79.5,20.5,-59
2025,Slovenia,"Graduated in tertiary education in STEM (Science, Technology, Engineering and Mathematics) (tertiary students) (%)",32.8,67.2,34.400000000000006
2025,Slovenia,"Informal childcare (0-11) for more than 35 weekly hours (%, 16-74)",45.6,20.9,-24.700000000000003
2025,Slovenia,"Informal long-term care for more than 20 hours per week (%, 45-64)",20.4,14,-6.399999999999999
2025,Slovenia,"Housework chores (cooking, cleaning, laundry) every day (%, 16–74)",65.9,33.7,-32.2
2025,Slovenia,"Hours spent on leisure activities per week (%, 16-74)",25.8,38.8,12.999999999999996
2025,Slovenia,"Voluntary, charitable or political activities at least once per week (%, 16-74)",13.6,17.1,3.5000000000000018
2025,Slovenia,Share of ministers (%),40.5,59.5,19
2025,Slovenia,Share of members of parliament (%),30.4,69.6,39.199999999999996
2025,Slovenia,Share of members of regional assemblies (%),33.8,66.2,32.400000000000006
2025,Slovenia,Share of members of boards in largest quoted companies (%),24.5,75.5,51
2025,Slovenia,Share of members of highest decision making body of the national Olympic most popular sport organisations (%),7.8,92.2,84.4
2025,Slovenia,"Self-perceived health, good or very good (%, 16+ population)",63.3,69.3,6
2025,Slovenia,"Healthy life years at 65 in percentage of the total life expectancy (%, 65+)",55.9,58.1,2.200000000000003
2025,Slovenia,"People who don’t smoke and are not involved in harmful drinking (%, 16+)",68.1,54,-14.099999999999994
2025,Slovenia,"People doing physical activities and/or consuming fruits and vegetables (%, 16+)",31.3,38.8,7.4999999999999964
2025,Slovakia,"Full-time equivalent employment rate (%, 15-89)",52.5,63.5,11
2025,Slovakia,"Duration of working life (years, 15+ population)",34.5,37.5,3
2025,Slovakia,"ICT specialists (%, 15-74)",17.2,82.8,65.6
2025,Slovakia,"Managers (%, 15-74)",32.5,67.5,35
2025,Slovakia,"Low paid workers (%, 16+)",22,14.7,-7.300000000000001
2025,Slovakia,"Median earnings (PPS, %, 18-64 employed population)",12772,14964,2192
2025,Slovakia,"Median partner earnings ratio (%, 18-64)",80.6,130,49.400000000000006
2025,Slovakia,"In-work poverty of adults in single or single-parent households (%, 16+ employed population)",15.1,18.6,3.5000000000000018
2025,Slovakia,"Tertiary graduates (%, 30-34)",46.7,26.5,-20.200000000000003
2025,Slovakia,"IVET graduates (%, 25-34)",41.7,59.8,18.099999999999994
2025,Slovakia,"Graduated in tertiary education in EHW (Education, Health and Welfare, Humanities and Art (tertiary students) (%)",76,24,-52
2025,Slovakia,"Graduated in tertiary education in STEM (Science, Technology, Engineering and Mathematics) (tertiary students) (%)",33.4,66.6,33.199999999999996
2025,Slovakia,"Informal childcare (0-11) for more than 35 weekly hours (%, 16-74)",44.7,24,-20.700000000000003
2025,Slovakia,"Informal long-term care for more than 20 hours per week (%, 45-64)",31.8,18.7,-13.100000000000001
2025,Slovakia,"Housework chores (cooking, cleaning, laundry) every day (%, 16–74)",57.4,27.1,-30.299999999999997
2025,Slovakia,"Hours spent on leisure activities per week (%, 16-74)",26.1,41.5,15.399999999999999
2025,Slovakia,"Voluntary, charitable or political activities at least once per week (%, 16-74)",12.5,13.4,0.9000000000000004
2025,Slovakia,Share of ministers (%),14.3,85.7,71.4
2025,Slovakia,Share of members of parliament (%),23,77,54
2025,Slovakia,Share of members of regional assemblies (%),16.9,83.1,66.19999999999999
2025,Slovakia,Share of members of boards in largest quoted companies (%),25.3,74.7,49.400000000000006
2025,Slovakia,Share of members of highest decision making body of the national Olympic most popular sport organisations (%),16.2,83.8,67.6
2025,Slovakia,"Self-perceived health, good or very good (%, 16+ population)",64,69.6,5.599999999999994
2025,Slovakia,"Healthy life years at 65 in percentage of the total life expectancy (%, 65+)",26.2,28.9,2.6999999999999993
2025,Slovakia,"People who don’t smoke and are not involved in harmful drinking (%, 16+)",76.5,56.2,-20.299999999999997
2025,Slovakia,"People doing physical activities and/or consuming fruits and vegetables (%, 16+)",31,40.6,9.600000000000001
2025,Finland,"Full-time equivalent employment rate (%, 15-89)",50.3,55.8,5.5
2025,Finland,"Duration of working life (years, 15+ population)",39.5,40.1,0.6000000000000014
2025,Finland,"ICT specialists (%, 15-74)",22.4,77.6,55.199999999999996
2025,Finland,"Managers (%, 15-74)",37.8,62.2,24.400000000000006
2025,Finland,"Low paid workers (%, 16+)",22.2,15.5,-6.699999999999999
2025,Finland,"Median earnings (PPS, %, 18-64 employed population)",31330,37256,5926
2025,Finland,"Median partner earnings ratio (%, 18-64)",81.8,129.4,47.60000000000001
2025,Finland,"In-work poverty of adults in single or single-parent households (%, 16+ employed population)",7.9,6.3,-1.6000000000000005
2025,Finland,"Tertiary graduates (%, 30-34)",50.1,36.3,-13.800000000000004
2025,Finland,"IVET graduates (%, 25-34)",33.6,43,9.399999999999999
2025,Finland,"Graduated in tertiary education in EHW (Education, Health and Welfare, Humanities and Art (tertiary students) (%)",82.1,17.9,-64.19999999999999
2025,Finland,"Graduated in tertiary education in STEM (Science, Technology, Engineering and Mathematics) (tertiary students) (%)",33.2,66.8,33.599999999999994
2025,Finland,"Informal childcare (0-11) for more than 35 weekly hours (%, 16-74)",53.2,23.3,-29.900000000000002
2025,Finland,"Informal long-term care for more than 20 hours per week (%, 45-64)",6.1,4.9,-1.1999999999999993
2025,Finland,"Housework chores (cooking, cleaning, laundry) every day (%, 16–74)",46.4,31.9,-14.5
2025,Finland,"Hours spent on leisure activities per week (%, 16-74)",27.8,46.1,18.3
2025,Finland,"Voluntary, charitable or political activities at least once per week (%, 16-74)",10.2,20.9,10.7
2025,Finland,Share of ministers (%),62,38,-24
2025,Finland,Share of members of parliament (%),46.8,53.3,6.5
2025,Finland,Share of members of regional assemblies (%),47.4,52.6,5.200000000000003
2025,Finland,Share of members of boards in largest quoted companies (%),37.9,62.1,24.200000000000003
2025,Finland,Share of members of highest decision making body of the national Olympic most popular sport organisations (%),33.7,66.3,32.599999999999994
2025,Finland,"Self-perceived health, good or very good (%, 16+ population)",65.9,67,1.0999999999999943
2025,Finland,"Healthy life years at 65 in percentage of the total life expectancy (%, 65+)",44.4,49.8,5.399999999999999
2025,Finland,"People who don’t smoke and are not involved in harmful drinking (%, 16+)",69.9,45.7,-24.200000000000003
2025,Finland,"People doing physical activities and/or consuming fruits and vegetables (%, 16+)",75.1,72.9,-2.1999999999999886
2025,Sweden,"Full-time equivalent employment rate (%, 15-89)",54.7,62.5,7.799999999999997
2025,Sweden,"Duration of working life (years, 15+ population)",42,44,2
2025,Sweden,"ICT specialists (%, 15-74)",24,76,52
2025,Sweden,"Managers (%, 15-74)",44.5,55.5,11
2025,Sweden,"Low paid workers (%, 16+)",24.2,14.9,-9.299999999999999
2025,Sweden,"Median earnings (PPS, %, 18-64 employed population)",28442,33172,4730
2025,Sweden,"Median partner earnings ratio (%, 18-64)",80.6,130.3,49.70000000000002
2025,Sweden,"In-work poverty of adults in single or single-parent households (%, 16+ employed population)",12.1,12.5,0.40000000000000036
2025,Sweden,"Tertiary graduates (%, 30-34)",65.7,50.6,-15.100000000000001
2025,Sweden,"IVET graduates (%, 25-34)",15.3,23.9,8.599999999999998
2025,Sweden,"Graduated in tertiary education in EHW (Education, Health and Welfare, Humanities and Art (tertiary students) (%)",77.5,22.5,-55
2025,Sweden,"Graduated in tertiary education in STEM (Science, Technology, Engineering and Mathematics) (tertiary students) (%)",37.8,62.2,24.400000000000006
2025,Sweden,"Informal childcare (0-11) for more than 35 weekly hours (%, 16-74)",41.7,22.9,-18.800000000000004
2025,Sweden,"Informal long-term care for more than 20 hours per week (%, 45-64)",22.5,9.9,-12.6
2025,Sweden,"Housework chores (cooking, cleaning, laundry) every day (%, 16–74)",60.4,43.1,-17.299999999999997
2025,Sweden,"Hours spent on leisure activities per week (%, 16-74)",26.2,43.1,16.900000000000002
2025,Sweden,"Voluntary, charitable or political activities at least once per week (%, 16-74)",8.6,14.1,5.5
2025,Sweden,Share of ministers (%),45.8,54.2,8.400000000000006
2025,Sweden,Share of members of parliament (%),46.5,53.5,7
2025,Sweden,Share of members of regional assemblies (%),48.2,51.8,3.5999999999999943
2025,Sweden,Share of members of boards in largest quoted companies (%),37.5,62.5,25
2025,Sweden,Share of members of highest decision making body of the national Olympic most popular sport organisations (%),50.5,49.5,-1
2025,Sweden,"Self-perceived health, good or very good (%, 16+ population)",64.6,68.5,3.9000000000000057
2025,Sweden,"Healthy life years at 65 in percentage of the total life expectancy (%, 65+)",64.4,68.1,3.6999999999999886
2025,Sweden,"People who don’t smoke and are not involved in harmful drinking (%, 16+)",80.3,64.9,-15.399999999999991
2025,Sweden,"People doing physical activities and/or consuming fruits and vegetables (%, 16+)",60.3,57.4,-2.8999999999999986
